slug,title,cluster,funnel_stage
marine-engine-rebuild-cost-australia,How Much Does A Marine Engine Rebuild Cost In Australia,cost,solution-aware
marine-repower-cost-australia,What Does A Marine Repower Cost In Australia,cost,solution-aware
marine-engine-service-cost,Marine Engine Service Cost In Australia,cost,solution-aware
impeller-replacement-cost,Impeller Replacement Cost,cost,solution-aware
heat-exchanger-service-cost,Heat Exchanger Service Cost,cost,solution-aware
marine-gearbox-rebuild-cost,Marine Gearbox Rebuild Cost,cost,solution-aware
repower-vs-rebuild,Repower Or Rebuild Your Marine Diesel,comparison,solution-aware
shaft-vs-sterndrive-vs-ips,Shaft Drive vs Sterndrive vs IPS,comparison,informational
raw-water-vs-keel-cooling,Raw Water vs Keel Cooling,comparison,informational
new-vs-reconditioned-marine-engine,New vs Reconditioned Marine Engine,comparison,solution-aware
petrol-vs-diesel-boat-engine,Petrol vs Diesel Boat Engines,comparison,unaware
how-to-choose-a-marine-mechanic,How To Choose A Marine Diesel Mechanic,buyers-guide,solution-aware
questions-to-ask-a-marine-workshop,Questions To Ask A Marine Workshop Before You Book,buyers-guide,solution-aware
pre-purchase-marine-engine-checklist,Pre-Purchase Marine Engine Inspection Checklist,buyers-guide,solution-aware
marine-engine-service-schedule,Marine Engine Service Schedule By Hours,buyers-guide,unaware
commercial-vessel-survey-requirements,Engine Requirements For Commercial Vessel Survey,compliance,informational
marine-repair-warranty-rights-australia,Your Repair Rights Under Australian Consumer Law,compliance,solution-aware
marine-emissions-rules-australia,Marine Engine Emissions Rules In Australia,compliance,informational
how-marine-diesel-cooling-works,How Marine Diesel Cooling Works,education,unaware
how-a-saildrive-works,How A Saildrive Works,education,unaware
how-a-marine-gearbox-works,How A Marine Gearbox Works,education,unaware
why-anodes-matter,Why Sacrificial Anodes Matter,education,unaware
marine-diesel-engine-life-expectancy,How Long Should A Marine Diesel Last,education,unaware
low-hours-is-not-good-news,Why Low Engine Hours Can Be Bad News,education,unaware
marine-fuel-quality-australia,Marine Diesel Fuel Quality And Storage In Australia,education,unaware
marine-diesel-glossary,Marine Diesel Engine Glossary,education,unaware
