slug,title,primary_keyword
how-to-bleed-a-marine-diesel-fuel-system,"How To Bleed A Marine Diesel Fuel System","how to bleed a marine diesel fuel system"
how-to-change-a-marine-engine-impeller,"How To Change A Marine Engine Impeller","how to change a marine engine impeller"
how-to-change-marine-engine-oil-and-filter,"How To Change Marine Engine Oil And Filter","how to change marine engine oil and filter"
how-to-check-a-marine-engine-before-buying,"How To Check A Marine Engine Before Buying","how to check a marine engine before buying"
how-to-check-a-saildrive-diaphragm,"How To Check A Saildrive Diaphragm","how to check a saildrive diaphragm"
how-to-check-and-change-marine-gearbox-oil,"How To Check And Change Marine Gearbox Oil","how to change marine gearbox oil"
how-to-check-for-water-in-marine-fuel,"How To Check For Water In Marine Fuel","how to check for water in marine fuel"
how-to-clean-a-raw-water-strainer,"How To Clean A Raw Water Strainer","how to clean a raw water strainer"
how-to-diagnose-marine-engine-overheating,"How To Diagnose Marine Engine Overheating","how to diagnose marine engine overheating"
how-to-find-a-marine-diesel-mechanic-in-australia,"How To Find A Marine Diesel Mechanic In Australia","how to find a marine diesel mechanic australia"
how-to-get-a-marine-engine-quote-you-can-compare,"How To Get A Marine Engine Quote You Can Compare","how to compare marine engine quotes"
how-to-identify-your-marine-engine,"How To Identify Your Marine Engine","how to identify your marine engine"
how-to-read-marine-engine-exhaust-smoke,"How To Read Marine Engine Exhaust Smoke","how to read marine engine exhaust smoke"
how-to-recommission-a-marine-engine-after-layup,"How To Recommission A Marine Engine After Layup","how to recommission marine engine after layup"
how-to-replace-marine-engine-anodes,"How To Replace Marine Engine Anodes","how to replace marine engine anodes"
how-to-tell-if-your-heat-exchanger-is-blocked,"How To Tell If Your Heat Exchanger Is Blocked","how to tell if heat exchanger is blocked boat"
how-to-tell-if-your-impeller-has-failed,"How To Tell If Your Impeller Has Failed","how to tell if impeller has failed"
how-to-winterise-a-marine-diesel-engine,"How To Winterise A Marine Diesel Engine","how to winterise a marine diesel engine"
what-to-do-if-your-engine-overheats-at-sea,"What To Do If Your Engine Overheats At Sea","engine overheating at sea what to do"
